Function,Variant,Run,Best
F1,IFPOA-X (full),1,2.062837e-03
F1,IFPOA-X (full),2,9.207661e-02
F1,IFPOA-X (full),3,7.568795e-02
F1,IFPOA-X (full),4,5.247428e-02
F1,IFPOA-X (full),5,1.271611e-01
F1,IFPOA-X (full),6,1.261397e-01
F1,IFPOA-X (full),7,8.553477e+00
F1,IFPOA-X (full),8,2.449140e+00
F1,IFPOA-X (full),9,1.729961e-04
F1,IFPOA-X (full),10,1.182443e-01
F1,IFPOA-X (full),11,5.167263e+00
F1,IFPOA-X (full),12,9.151188e-02
F1,IFPOA-X (full),13,5.935352e+00
F1,IFPOA-X (full),14,6.955852e-01
F1,IFPOA-X (full),15,6.365446e+00
F1,IFPOA-X (full),16,1.534072e+00
F1,IFPOA-X (full),17,4.583180e-03
F1,IFPOA-X (full),18,1.551438e-02
F1,IFPOA-X (full),19,6.670205e-01
F1,IFPOA-X (full),20,4.140586e+00
F2,IFPOA-X (full),1,2.118837e-02
F2,IFPOA-X (full),2,1.659209e-02
F2,IFPOA-X (full),3,7.377428e-04
F2,IFPOA-X (full),4,4.242962e-01
F2,IFPOA-X (full),5,4.784794e-01
F2,IFPOA-X (full),6,6.920285e-03
F2,IFPOA-X (full),7,2.339816e-01
F2,IFPOA-X (full),8,1.784970e-01
F2,IFPOA-X (full),9,2.569431e-02
F2,IFPOA-X (full),10,3.842091e-02
F2,IFPOA-X (full),11,9.378689e-03
F2,IFPOA-X (full),12,3.388554e-02
F2,IFPOA-X (full),13,3.326462e-01
F2,IFPOA-X (full),14,8.857529e-02
F2,IFPOA-X (full),15,4.293665e-03
F2,IFPOA-X (full),16,1.515266e-02
F2,IFPOA-X (full),17,1.887703e-01
F2,IFPOA-X (full),18,2.370353e-01
F2,IFPOA-X (full),19,2.232052e-02
F2,IFPOA-X (full),20,2.394335e-03
F3,IFPOA-X (full),1,2.336886e+03
F3,IFPOA-X (full),2,1.044056e+03
F3,IFPOA-X (full),3,1.320714e+02
F3,IFPOA-X (full),4,9.492652e+02
F3,IFPOA-X (full),5,2.009376e-01
F3,IFPOA-X (full),6,1.023453e+03
F3,IFPOA-X (full),7,1.352911e-04
F3,IFPOA-X (full),8,2.894568e+02
F3,IFPOA-X (full),9,7.222552e+01
F3,IFPOA-X (full),10,1.001822e-01
F3,IFPOA-X (full),11,1.693212e+04
F3,IFPOA-X (full),12,1.370664e+03
F3,IFPOA-X (full),13,2.614497e+01
F3,IFPOA-X (full),14,1.997212e+02
F3,IFPOA-X (full),15,7.202898e+02
F3,IFPOA-X (full),16,2.908562e+03
F3,IFPOA-X (full),17,4.190707e+03
F3,IFPOA-X (full),18,1.679193e+03
F3,IFPOA-X (full),19,1.232333e+03
F3,IFPOA-X (full),20,5.822195e+03
F4,IFPOA-X (full),1,1.329278e+00
F4,IFPOA-X (full),2,8.952560e-01
F4,IFPOA-X (full),3,4.068534e+00
F4,IFPOA-X (full),4,3.661383e+00
F4,IFPOA-X (full),5,2.918563e+00
F4,IFPOA-X (full),6,1.448061e+00
F4,IFPOA-X (full),7,2.605664e+00
F4,IFPOA-X (full),8,3.784692e+00
F4,IFPOA-X (full),9,4.216550e+00
F4,IFPOA-X (full),10,2.219916e+00
F4,IFPOA-X (full),11,8.009866e+00
F4,IFPOA-X (full),12,2.382002e+00
F4,IFPOA-X (full),13,1.022429e+01
F4,IFPOA-X (full),14,4.270126e+00
F4,IFPOA-X (full),15,1.825003e+00
F4,IFPOA-X (full),16,5.243182e+00
F4,IFPOA-X (full),17,8.796084e+00
F4,IFPOA-X (full),18,9.094967e+00
F4,IFPOA-X (full),19,6.755881e+00
F4,IFPOA-X (full),20,7.797516e+00
F5,IFPOA-X (full),1,3.563325e+01
F5,IFPOA-X (full),2,2.917991e+01
F5,IFPOA-X (full),3,2.897904e+01
F5,IFPOA-X (full),4,2.953815e+01
F5,IFPOA-X (full),5,2.898704e+01
F5,IFPOA-X (full),6,2.903767e+01
F5,IFPOA-X (full),7,2.898642e+01
F5,IFPOA-X (full),8,2.899485e+01
F5,IFPOA-X (full),9,2.899344e+01
F5,IFPOA-X (full),10,2.900826e+01
F5,IFPOA-X (full),11,5.134000e+01
F5,IFPOA-X (full),12,2.897736e+01
F5,IFPOA-X (full),13,2.943976e+01
F5,IFPOA-X (full),14,4.377804e+01
F5,IFPOA-X (full),15,2.947216e+01
F5,IFPOA-X (full),16,2.899924e+01
F5,IFPOA-X (full),17,2.899471e+01
F5,IFPOA-X (full),18,2.895290e+01
F5,IFPOA-X (full),19,2.907355e+01
F5,IFPOA-X (full),20,2.932759e+01
F6,IFPOA-X (full),1,0.000000e+00
F6,IFPOA-X (full),2,2.000000e+00
F6,IFPOA-X (full),3,2.000000e+00
F6,IFPOA-X (full),4,0.000000e+00
F6,IFPOA-X (full),5,1.000000e+00
F6,IFPOA-X (full),6,0.000000e+00
F6,IFPOA-X (full),7,1.000000e+00
F6,IFPOA-X (full),8,1.200000e+01
F6,IFPOA-X (full),9,6.000000e+00
F6,IFPOA-X (full),10,7.000000e+00
F6,IFPOA-X (full),11,0.000000e+00
F6,IFPOA-X (full),12,5.000000e+00
F6,IFPOA-X (full),13,0.000000e+00
F6,IFPOA-X (full),14,1.000000e+00
F6,IFPOA-X (full),15,0.000000e+00
F6,IFPOA-X (full),16,5.000000e+00
F6,IFPOA-X (full),17,1.200000e+01
F6,IFPOA-X (full),18,0.000000e+00
F6,IFPOA-X (full),19,0.000000e+00
F6,IFPOA-X (full),20,0.000000e+00
F7,IFPOA-X (full),1,1.185855e-01
F7,IFPOA-X (full),2,2.416763e-02
F7,IFPOA-X (full),3,5.855688e-02
F7,IFPOA-X (full),4,1.437266e-02
F7,IFPOA-X (full),5,1.573765e-02
F7,IFPOA-X (full),6,4.391521e-02
F7,IFPOA-X (full),7,6.471917e-03
F7,IFPOA-X (full),8,5.526469e-02
F7,IFPOA-X (full),9,1.964880e-02
F7,IFPOA-X (full),10,4.250014e-02
F7,IFPOA-X (full),11,8.740849e-02
F7,IFPOA-X (full),12,6.579521e-02
F7,IFPOA-X (full),13,3.862271e-02
F7,IFPOA-X (full),14,4.057778e-02
F7,IFPOA-X (full),15,8.459765e-02
F7,IFPOA-X (full),16,1.153803e-02
F7,IFPOA-X (full),17,1.182723e-02
F7,IFPOA-X (full),18,4.090955e-02
F7,IFPOA-X (full),19,8.324597e-02
F7,IFPOA-X (full),20,3.799230e-02
F8,IFPOA-X (full),1,8.758653e+03
F8,IFPOA-X (full),2,8.298363e+03
F8,IFPOA-X (full),3,8.671650e+03
F8,IFPOA-X (full),4,8.565589e+03
F8,IFPOA-X (full),5,8.913310e+03
F8,IFPOA-X (full),6,8.992106e+03
F8,IFPOA-X (full),7,8.596753e+03
F8,IFPOA-X (full),8,8.662821e+03
F8,IFPOA-X (full),9,9.210595e+03
F8,IFPOA-X (full),10,8.736889e+03
F8,IFPOA-X (full),11,8.014777e+03
F8,IFPOA-X (full),12,8.866668e+03
F8,IFPOA-X (full),13,7.844070e+03
F8,IFPOA-X (full),14,8.845915e+03
F8,IFPOA-X (full),15,8.186575e+03
F8,IFPOA-X (full),16,8.929714e+03
F8,IFPOA-X (full),17,9.012249e+03
F8,IFPOA-X (full),18,8.135737e+03
F8,IFPOA-X (full),19,8.909718e+03
F8,IFPOA-X (full),20,8.907863e+03
F9,IFPOA-X (full),1,6.088536e-03
F9,IFPOA-X (full),2,1.702592e-03
F9,IFPOA-X (full),3,2.170650e+00
F9,IFPOA-X (full),4,1.164469e-01
F9,IFPOA-X (full),5,6.909387e-03
F9,IFPOA-X (full),6,6.765921e-03
F9,IFPOA-X (full),7,6.467095e-02
F9,IFPOA-X (full),8,1.586233e-03
F9,IFPOA-X (full),9,5.802480e-04
F9,IFPOA-X (full),10,1.884178e+00
F9,IFPOA-X (full),11,4.615635e+00
F9,IFPOA-X (full),12,2.344870e-02
F9,IFPOA-X (full),13,3.546533e+00
F9,IFPOA-X (full),14,3.283361e-02
F9,IFPOA-X (full),15,3.130415e-02
F9,IFPOA-X (full),16,1.671493e+01
F9,IFPOA-X (full),17,1.572361e-05
F9,IFPOA-X (full),18,2.674852e+00
F9,IFPOA-X (full),19,5.594164e-03
F9,IFPOA-X (full),20,1.369365e-01
F10,IFPOA-X (full),1,2.108413e-01
F10,IFPOA-X (full),2,1.011114e-01
F10,IFPOA-X (full),3,7.123786e-02
F10,IFPOA-X (full),4,1.074555e+00
F10,IFPOA-X (full),5,5.377723e-01
F10,IFPOA-X (full),6,1.188477e-01
F10,IFPOA-X (full),7,9.622111e-01
F10,IFPOA-X (full),8,3.393908e-02
F10,IFPOA-X (full),9,4.706328e-01
F10,IFPOA-X (full),10,4.886550e-01
F10,IFPOA-X (full),11,9.825548e-01
F10,IFPOA-X (full),12,3.810936e-02
F10,IFPOA-X (full),13,3.461176e-03
F10,IFPOA-X (full),14,1.560410e+00
F10,IFPOA-X (full),15,1.615236e-01
F10,IFPOA-X (full),16,1.399074e-01
F10,IFPOA-X (full),17,2.906072e-03
F10,IFPOA-X (full),18,2.924078e-01
F10,IFPOA-X (full),19,1.481447e+00
F10,IFPOA-X (full),20,6.119204e-01
F11,IFPOA-X (full),1,1.913061e+00
F11,IFPOA-X (full),2,2.036283e-01
F11,IFPOA-X (full),3,1.033391e+00
F11,IFPOA-X (full),4,9.966798e-01
F11,IFPOA-X (full),5,1.976613e-01
F11,IFPOA-X (full),6,1.045126e+00
F11,IFPOA-X (full),7,9.563916e-01
F11,IFPOA-X (full),8,1.147421e+00
F11,IFPOA-X (full),9,4.313746e-01
F11,IFPOA-X (full),10,1.034130e+00
F11,IFPOA-X (full),11,5.044895e-01
F11,IFPOA-X (full),12,6.656654e-01
F11,IFPOA-X (full),13,1.253427e-01
F11,IFPOA-X (full),14,5.514053e-01
F11,IFPOA-X (full),15,4.061412e-01
F11,IFPOA-X (full),16,1.401332e+00
F11,IFPOA-X (full),17,1.768200e-01
F11,IFPOA-X (full),18,8.071875e-04
F11,IFPOA-X (full),19,1.042129e+00
F11,IFPOA-X (full),20,7.709406e-02
F12,IFPOA-X (full),1,1.301470e+00
F12,IFPOA-X (full),2,1.313869e+00
F12,IFPOA-X (full),3,1.481295e+00
F12,IFPOA-X (full),4,1.545590e+00
F12,IFPOA-X (full),5,9.716192e-01
F12,IFPOA-X (full),6,1.061644e+00
F12,IFPOA-X (full),7,1.181949e+00
F12,IFPOA-X (full),8,1.330057e+00
F12,IFPOA-X (full),9,6.650222e+00
F12,IFPOA-X (full),10,9.812220e-01
F12,IFPOA-X (full),11,2.351398e+00
F12,IFPOA-X (full),12,1.193483e+00
F12,IFPOA-X (full),13,1.319493e+00
F12,IFPOA-X (full),14,1.177364e+00
F12,IFPOA-X (full),15,1.405457e+00
F12,IFPOA-X (full),16,1.952606e+00
F12,IFPOA-X (full),17,9.241923e-01
F12,IFPOA-X (full),18,1.325574e+00
F12,IFPOA-X (full),19,1.001485e+00
F12,IFPOA-X (full),20,9.795695e-01
F13,IFPOA-X (full),1,4.282643e+00
F13,IFPOA-X (full),2,3.799187e+00
F13,IFPOA-X (full),3,3.118878e+00
F13,IFPOA-X (full),4,3.202397e+00
F13,IFPOA-X (full),5,3.352977e+00
F13,IFPOA-X (full),6,3.314615e+00
F13,IFPOA-X (full),7,3.331428e+00
F13,IFPOA-X (full),8,2.883688e+00
F13,IFPOA-X (full),9,3.218594e+00
F13,IFPOA-X (full),10,3.113369e+00
F13,IFPOA-X (full),11,3.249488e+00
F13,IFPOA-X (full),12,3.055918e+00
F13,IFPOA-X (full),13,3.411569e+00
F13,IFPOA-X (full),14,4.137877e+00
F13,IFPOA-X (full),15,3.041477e+00
F13,IFPOA-X (full),16,3.041230e+00
F13,IFPOA-X (full),17,2.998259e+00
F13,IFPOA-X (full),18,2.976419e+00
F13,IFPOA-X (full),19,3.007011e+00
F13,IFPOA-X (full),20,2.967356e+00
F1,IFPOA-X (no OBL),1,2.153776e+04
F1,IFPOA-X (no OBL),2,1.501326e+04
F1,IFPOA-X (no OBL),3,1.133736e+04
F1,IFPOA-X (no OBL),4,1.942460e+04
F1,IFPOA-X (no OBL),5,2.083515e+04
F1,IFPOA-X (no OBL),6,1.937211e+04
F1,IFPOA-X (no OBL),7,2.139459e+04
F1,IFPOA-X (no OBL),8,1.798882e+04
F1,IFPOA-X (no OBL),9,1.811953e+04
F1,IFPOA-X (no OBL),10,1.826939e+04
F1,IFPOA-X (no OBL),11,2.159914e+04
F1,IFPOA-X (no OBL),12,2.495076e+04
F1,IFPOA-X (no OBL),13,1.332591e+04
F1,IFPOA-X (no OBL),14,1.620329e+04
F1,IFPOA-X (no OBL),15,2.224189e+04
F1,IFPOA-X (no OBL),16,1.949617e+04
F1,IFPOA-X (no OBL),17,1.814743e+04
F1,IFPOA-X (no OBL),18,1.533240e+04
F1,IFPOA-X (no OBL),19,1.933666e+04
F1,IFPOA-X (no OBL),20,2.469382e+04
F1,IFPOA-X (no JADE),1,4.214453e-08
F1,IFPOA-X (no JADE),2,5.904076e-11
F1,IFPOA-X (no JADE),3,1.500445e-08
F1,IFPOA-X (no JADE),4,8.067026e-09
F1,IFPOA-X (no JADE),5,7.678981e-12
F1,IFPOA-X (no JADE),6,1.001286e-06
F1,IFPOA-X (no JADE),7,1.869119e-07
F1,IFPOA-X (no JADE),8,8.940112e-10
F1,IFPOA-X (no JADE),9,1.676385e-09
F1,IFPOA-X (no JADE),10,1.631199e-08
F1,IFPOA-X (no JADE),11,3.509571e-06
F1,IFPOA-X (no JADE),12,1.559805e-06
F1,IFPOA-X (no JADE),13,3.651486e-09
F1,IFPOA-X (no JADE),14,9.877941e-07
F1,IFPOA-X (no JADE),15,1.817030e-05
F1,IFPOA-X (no JADE),16,6.154360e-07
F1,IFPOA-X (no JADE),17,5.739079e-07
F1,IFPOA-X (no JADE),18,6.015754e-11
F1,IFPOA-X (no JADE),19,4.715818e-11
F1,IFPOA-X (no JADE),20,1.652384e-10
F1,IFPOA-X (no Bandit),1,1.307492e+00
F1,IFPOA-X (no Bandit),2,5.310453e+00
F1,IFPOA-X (no Bandit),3,2.129996e-02
F1,IFPOA-X (no Bandit),4,2.723891e-01
F1,IFPOA-X (no Bandit),5,3.174883e-02
F1,IFPOA-X (no Bandit),6,4.929347e-02
F1,IFPOA-X (no Bandit),7,6.440298e-02
F1,IFPOA-X (no Bandit),8,1.558304e+01
F1,IFPOA-X (no Bandit),9,1.103414e+00
F1,IFPOA-X (no Bandit),10,4.082880e+00
F1,IFPOA-X (no Bandit),11,7.988915e-02
F1,IFPOA-X (no Bandit),12,5.830529e-03
F1,IFPOA-X (no Bandit),13,2.925973e-01
F1,IFPOA-X (no Bandit),14,4.478112e-05
F1,IFPOA-X (no Bandit),15,2.949882e+00
F1,IFPOA-X (no Bandit),16,7.677688e-01
F1,IFPOA-X (no Bandit),17,4.220527e-01
F1,IFPOA-X (no Bandit),18,2.953931e-01
F1,IFPOA-X (no Bandit),19,1.708488e-01
F1,IFPOA-X (no Bandit),20,1.809714e-05
F1,IFPOA-X (base/FPA),1,1.983205e+04
F1,IFPOA-X (base/FPA),2,1.894679e+04
F1,IFPOA-X (base/FPA),3,1.663256e+04
F1,IFPOA-X (base/FPA),4,2.547161e+04
F1,IFPOA-X (base/FPA),5,2.328663e+04
F1,IFPOA-X (base/FPA),6,2.263399e+04
F1,IFPOA-X (base/FPA),7,1.665100e+04
F1,IFPOA-X (base/FPA),8,2.102940e+04
F1,IFPOA-X (base/FPA),9,2.143828e+04
F1,IFPOA-X (base/FPA),10,1.858812e+04
F1,IFPOA-X (base/FPA),11,1.926110e+04
F1,IFPOA-X (base/FPA),12,1.730117e+04
F1,IFPOA-X (base/FPA),13,2.057138e+04
F1,IFPOA-X (base/FPA),14,2.232852e+04
F1,IFPOA-X (base/FPA),15,2.480854e+04
F1,IFPOA-X (base/FPA),16,2.349376e+04
F1,IFPOA-X (base/FPA),17,1.698563e+04
F1,IFPOA-X (base/FPA),18,2.000277e+04
F1,IFPOA-X (base/FPA),19,1.808413e+04
F1,IFPOA-X (base/FPA),20,1.603714e+04
F2,IFPOA-X (no OBL),1,2.299432e+02
F2,IFPOA-X (no OBL),2,5.412797e+02
F2,IFPOA-X (no OBL),3,7.011737e+01
F2,IFPOA-X (no OBL),4,3.747575e+03
F2,IFPOA-X (no OBL),5,7.595015e+04
F2,IFPOA-X (no OBL),6,1.035961e+02
F2,IFPOA-X (no OBL),7,4.804625e+03
F2,IFPOA-X (no OBL),8,1.431003e+03
F2,IFPOA-X (no OBL),9,6.442560e+01
F2,IFPOA-X (no OBL),10,2.396825e+02
F2,IFPOA-X (no OBL),11,1.395000e+03
F2,IFPOA-X (no OBL),12,1.723466e+03
F2,IFPOA-X (no OBL),13,1.648465e+02
F2,IFPOA-X (no OBL),14,3.855507e+02
F2,IFPOA-X (no OBL),15,1.796112e+02
F2,IFPOA-X (no OBL),16,5.053919e+03
F2,IFPOA-X (no OBL),17,6.739871e+01
F2,IFPOA-X (no OBL),18,4.626921e+01
F2,IFPOA-X (no OBL),19,7.555742e+01
F2,IFPOA-X (no OBL),20,6.589447e+02
F2,IFPOA-X (no JADE),1,2.931611e-08
F2,IFPOA-X (no JADE),2,5.244521e-05
F2,IFPOA-X (no JADE),3,8.464491e-06
F2,IFPOA-X (no JADE),4,3.436531e-07
F2,IFPOA-X (no JADE),5,1.100672e-06
F2,IFPOA-X (no JADE),6,1.940697e-05
F2,IFPOA-X (no JADE),7,3.556682e-05
F2,IFPOA-X (no JADE),8,1.459876e-06
F2,IFPOA-X (no JADE),9,9.619081e-08
F2,IFPOA-X (no JADE),10,4.359119e-05
F2,IFPOA-X (no JADE),11,1.261409e-07
F2,IFPOA-X (no JADE),12,3.858860e-05
F2,IFPOA-X (no JADE),13,1.334874e-05
F2,IFPOA-X (no JADE),14,4.827748e-07
F2,IFPOA-X (no JADE),15,1.169089e-06
F2,IFPOA-X (no JADE),16,2.463427e-06
F2,IFPOA-X (no JADE),17,1.644929e-04
F2,IFPOA-X (no JADE),18,8.934062e-05
F2,IFPOA-X (no JADE),19,6.521131e-07
F2,IFPOA-X (no JADE),20,6.772664e-05
F2,IFPOA-X (no Bandit),1,8.281338e-02
F2,IFPOA-X (no Bandit),2,3.157365e-02
F2,IFPOA-X (no Bandit),3,3.125335e-01
F2,IFPOA-X (no Bandit),4,3.987139e-01
F2,IFPOA-X (no Bandit),5,7.570722e-02
F2,IFPOA-X (no Bandit),6,9.297825e-02
F2,IFPOA-X (no Bandit),7,9.103897e-02
F2,IFPOA-X (no Bandit),8,8.504872e-02
F2,IFPOA-X (no Bandit),9,4.979852e-01
F2,IFPOA-X (no Bandit),10,9.636026e-02
F2,IFPOA-X (no Bandit),11,2.734569e-01
F2,IFPOA-X (no Bandit),12,4.590661e-02
F2,IFPOA-X (no Bandit),13,6.085984e-02
F2,IFPOA-X (no Bandit),14,1.760783e-01
F2,IFPOA-X (no Bandit),15,1.280581e-02
F2,IFPOA-X (no Bandit),16,8.293578e-02
F2,IFPOA-X (no Bandit),17,1.126493e-01
F2,IFPOA-X (no Bandit),18,6.104053e-02
F2,IFPOA-X (no Bandit),19,7.281652e-02
F2,IFPOA-X (no Bandit),20,1.450749e-03
F2,IFPOA-X (base/FPA),1,3.084194e+03
F2,IFPOA-X (base/FPA),2,1.299651e+02
F2,IFPOA-X (base/FPA),3,8.661426e+01
F2,IFPOA-X (base/FPA),4,1.861823e+02
F2,IFPOA-X (base/FPA),5,2.562949e+03
F2,IFPOA-X (base/FPA),6,8.849853e+01
F2,IFPOA-X (base/FPA),7,4.751336e+04
F2,IFPOA-X (base/FPA),8,8.295217e+01
F2,IFPOA-X (base/FPA),9,4.192457e+03
F2,IFPOA-X (base/FPA),10,8.412872e+03
F2,IFPOA-X (base/FPA),11,8.115475e+01
F2,IFPOA-X (base/FPA),12,1.605175e+02
F2,IFPOA-X (base/FPA),13,3.450274e+03
F2,IFPOA-X (base/FPA),14,1.954646e+02
F2,IFPOA-X (base/FPA),15,4.887389e+03
F2,IFPOA-X (base/FPA),16,2.039092e+02
F2,IFPOA-X (base/FPA),17,6.041052e+02
F2,IFPOA-X (base/FPA),18,9.044434e+01
F2,IFPOA-X (base/FPA),19,1.106460e+02
F2,IFPOA-X (base/FPA),20,1.051663e+02
F3,IFPOA-X (no OBL),1,6.838605e+04
F3,IFPOA-X (no OBL),2,6.191507e+04
F3,IFPOA-X (no OBL),3,5.317046e+04
F3,IFPOA-X (no OBL),4,5.809258e+04
F3,IFPOA-X (no OBL),5,5.555347e+04
F3,IFPOA-X (no OBL),6,5.486370e+04
F3,IFPOA-X (no OBL),7,4.351460e+04
F3,IFPOA-X (no OBL),8,8.532889e+04
F3,IFPOA-X (no OBL),9,4.771250e+04
F3,IFPOA-X (no OBL),10,4.561972e+04
F3,IFPOA-X (no OBL),11,4.955810e+04
F3,IFPOA-X (no OBL),12,7.238642e+04
F3,IFPOA-X (no OBL),13,5.189121e+04
F3,IFPOA-X (no OBL),14,4.088233e+04
F3,IFPOA-X (no OBL),15,5.406054e+04
F3,IFPOA-X (no OBL),16,5.778655e+04
F3,IFPOA-X (no OBL),17,5.651111e+04
F3,IFPOA-X (no OBL),18,5.731323e+04
F3,IFPOA-X (no OBL),19,4.933583e+04
F3,IFPOA-X (no OBL),20,6.105450e+04
F3,IFPOA-X (no JADE),1,4.584453e+03
F3,IFPOA-X (no JADE),2,2.289931e-05
F3,IFPOA-X (no JADE),3,4.386188e-01
F3,IFPOA-X (no JADE),4,4.542692e-04
F3,IFPOA-X (no JADE),5,3.876009e-07
F3,IFPOA-X (no JADE),6,3.879776e-08
F3,IFPOA-X (no JADE),7,7.915182e-07
F3,IFPOA-X (no JADE),8,3.156515e+00
F3,IFPOA-X (no JADE),9,1.536637e-04
F3,IFPOA-X (no JADE),10,3.327542e-01
F3,IFPOA-X (no JADE),11,1.894842e-05
F3,IFPOA-X (no JADE),12,1.407844e-02
F3,IFPOA-X (no JADE),13,4.319575e-01
F3,IFPOA-X (no JADE),14,7.381275e+00
F3,IFPOA-X (no JADE),15,8.929919e-06
F3,IFPOA-X (no JADE),16,4.285472e-09
F3,IFPOA-X (no JADE),17,2.713759e-06
F3,IFPOA-X (no JADE),18,2.275540e-06
F3,IFPOA-X (no JADE),19,2.471179e-01
F3,IFPOA-X (no JADE),20,5.276993e-04
F3,IFPOA-X (no Bandit),1,1.103852e+04
F3,IFPOA-X (no Bandit),2,1.368738e+03
F3,IFPOA-X (no Bandit),3,1.530919e+02
F3,IFPOA-X (no Bandit),4,6.461929e+03
F3,IFPOA-X (no Bandit),5,5.461777e+02
F3,IFPOA-X (no Bandit),6,9.952154e+01
F3,IFPOA-X (no Bandit),7,1.569548e+01
F3,IFPOA-X (no Bandit),8,4.089204e+02
F3,IFPOA-X (no Bandit),9,7.516302e+02
F3,IFPOA-X (no Bandit),10,5.667116e+01
F3,IFPOA-X (no Bandit),11,1.909605e+03
F3,IFPOA-X (no Bandit),12,5.302873e+02
F3,IFPOA-X (no Bandit),13,4.231225e+01
F3,IFPOA-X (no Bandit),14,8.201856e+02
F3,IFPOA-X (no Bandit),15,2.069022e+03
F3,IFPOA-X (no Bandit),16,2.021914e-01
F3,IFPOA-X (no Bandit),17,1.464469e+04
F3,IFPOA-X (no Bandit),18,4.059603e+00
F3,IFPOA-X (no Bandit),19,1.079580e-01
F3,IFPOA-X (no Bandit),20,4.042057e+03
F3,IFPOA-X (base/FPA),1,5.135043e+04
F3,IFPOA-X (base/FPA),2,7.027060e+04
F3,IFPOA-X (base/FPA),3,5.563918e+04
F3,IFPOA-X (base/FPA),4,6.039566e+04
F3,IFPOA-X (base/FPA),5,5.194868e+04
F3,IFPOA-X (base/FPA),6,4.985191e+04
F3,IFPOA-X (base/FPA),7,5.575042e+04
F3,IFPOA-X (base/FPA),8,8.853515e+04
F3,IFPOA-X (base/FPA),9,6.196141e+04
F3,IFPOA-X (base/FPA),10,5.505073e+04
F3,IFPOA-X (base/FPA),11,5.706716e+04
F3,IFPOA-X (base/FPA),12,5.010188e+04
F3,IFPOA-X (base/FPA),13,5.550914e+04
F3,IFPOA-X (base/FPA),14,5.169543e+04
F3,IFPOA-X (base/FPA),15,6.822417e+04
F3,IFPOA-X (base/FPA),16,7.566019e+04
F3,IFPOA-X (base/FPA),17,4.518981e+04
F3,IFPOA-X (base/FPA),18,5.297501e+04
F3,IFPOA-X (base/FPA),19,4.605907e+04
F3,IFPOA-X (base/FPA),20,5.971525e+04
F4,IFPOA-X (no OBL),1,6.142368e+01
F4,IFPOA-X (no OBL),2,6.742662e+01
F4,IFPOA-X (no OBL),3,5.194413e+01
F4,IFPOA-X (no OBL),4,6.152692e+01
F4,IFPOA-X (no OBL),5,6.239988e+01
F4,IFPOA-X (no OBL),6,5.086355e+01
F4,IFPOA-X (no OBL),7,6.642210e+01
F4,IFPOA-X (no OBL),8,6.281456e+01
F4,IFPOA-X (no OBL),9,6.721228e+01
F4,IFPOA-X (no OBL),10,6.720237e+01
F4,IFPOA-X (no OBL),11,6.619801e+01
F4,IFPOA-X (no OBL),12,7.313358e+01
F4,IFPOA-X (no OBL),13,6.065301e+01
F4,IFPOA-X (no OBL),14,5.593183e+01
F4,IFPOA-X (no OBL),15,6.384482e+01
F4,IFPOA-X (no OBL),16,6.408665e+01
F4,IFPOA-X (no OBL),17,5.473267e+01
F4,IFPOA-X (no OBL),18,6.892215e+01
F4,IFPOA-X (no OBL),19,7.142417e+01
F4,IFPOA-X (no OBL),20,6.701196e+01
F4,IFPOA-X (no JADE),1,2.177989e-02
F4,IFPOA-X (no JADE),2,4.600664e-04
F4,IFPOA-X (no JADE),3,1.543862e-03
F4,IFPOA-X (no JADE),4,1.479860e-04
F4,IFPOA-X (no JADE),5,1.720839e-05
F4,IFPOA-X (no JADE),6,4.255242e-06
F4,IFPOA-X (no JADE),7,4.983699e-04
F4,IFPOA-X (no JADE),8,1.697022e-03
F4,IFPOA-X (no JADE),9,3.523837e-04
F4,IFPOA-X (no JADE),10,2.109585e-03
F4,IFPOA-X (no JADE),11,3.354411e-02
F4,IFPOA-X (no JADE),12,6.772695e-06
F4,IFPOA-X (no JADE),13,3.506150e-02
F4,IFPOA-X (no JADE),14,1.253519e-02
F4,IFPOA-X (no JADE),15,1.812391e-03
F4,IFPOA-X (no JADE),16,3.742744e-04
F4,IFPOA-X (no JADE),17,8.843227e-03
F4,IFPOA-X (no JADE),18,4.170527e-03
F4,IFPOA-X (no JADE),19,5.593940e-04
F4,IFPOA-X (no JADE),20,2.976627e-02
F4,IFPOA-X (no Bandit),1,1.512638e+00
F4,IFPOA-X (no Bandit),2,2.582821e+00
F4,IFPOA-X (no Bandit),3,2.252728e+00
F4,IFPOA-X (no Bandit),4,1.009913e+00
F4,IFPOA-X (no Bandit),5,2.854372e-02
F4,IFPOA-X (no Bandit),6,4.905399e+00
F4,IFPOA-X (no Bandit),7,7.128594e+00
F4,IFPOA-X (no Bandit),8,4.692713e+00
F4,IFPOA-X (no Bandit),9,8.213756e+00
F4,IFPOA-X (no Bandit),10,1.163766e+01
F4,IFPOA-X (no Bandit),11,1.238039e+01
F4,IFPOA-X (no Bandit),12,1.650836e+00
F4,IFPOA-X (no Bandit),13,5.352465e+00
F4,IFPOA-X (no Bandit),14,6.320870e+00
F4,IFPOA-X (no Bandit),15,2.379968e+00
F4,IFPOA-X (no Bandit),16,4.766176e-01
F4,IFPOA-X (no Bandit),17,1.053285e+00
F4,IFPOA-X (no Bandit),18,3.581091e+00
F4,IFPOA-X (no Bandit),19,1.742665e+00
F4,IFPOA-X (no Bandit),20,1.077995e+01
F4,IFPOA-X (base/FPA),1,6.951253e+01
F4,IFPOA-X (base/FPA),2,7.391473e+01
F4,IFPOA-X (base/FPA),3,6.860659e+01
F4,IFPOA-X (base/FPA),4,7.422220e+01
F4,IFPOA-X (base/FPA),5,5.645059e+01
F4,IFPOA-X (base/FPA),6,8.300806e+01
F4,IFPOA-X (base/FPA),7,5.896301e+01
F4,IFPOA-X (base/FPA),8,6.490799e+01
F4,IFPOA-X (base/FPA),9,7.354178e+01
F4,IFPOA-X (base/FPA),10,6.495172e+01
F4,IFPOA-X (base/FPA),11,5.686428e+01
F4,IFPOA-X (base/FPA),12,6.787900e+01
F4,IFPOA-X (base/FPA),13,7.049072e+01
F4,IFPOA-X (base/FPA),14,5.984329e+01
F4,IFPOA-X (base/FPA),15,6.130932e+01
F4,IFPOA-X (base/FPA),16,7.509780e+01
F4,IFPOA-X (base/FPA),17,7.144485e+01
F4,IFPOA-X (base/FPA),18,6.122930e+01
F4,IFPOA-X (base/FPA),19,6.350310e+01
F4,IFPOA-X (base/FPA),20,6.044782e+01
F5,IFPOA-X (no OBL),1,1.345025e+07
F5,IFPOA-X (no OBL),2,3.429684e+07
F5,IFPOA-X (no OBL),3,4.642838e+07
F5,IFPOA-X (no OBL),4,5.464022e+07
F5,IFPOA-X (no OBL),5,2.078895e+07
F5,IFPOA-X (no OBL),6,3.317572e+07
F5,IFPOA-X (no OBL),7,4.736672e+07
F5,IFPOA-X (no OBL),8,2.628368e+07
F5,IFPOA-X (no OBL),9,1.562976e+07
F5,IFPOA-X (no OBL),10,2.107860e+07
F5,IFPOA-X (no OBL),11,2.856305e+07
F5,IFPOA-X (no OBL),12,2.198314e+07
F5,IFPOA-X (no OBL),13,9.620563e+06
F5,IFPOA-X (no OBL),14,1.963426e+07
F5,IFPOA-X (no OBL),15,6.647414e+06
F5,IFPOA-X (no OBL),16,2.453737e+07
F5,IFPOA-X (no OBL),17,4.419565e+07
F5,IFPOA-X (no OBL),18,2.307066e+07
F5,IFPOA-X (no OBL),19,2.034316e+07
F5,IFPOA-X (no OBL),20,3.241634e+07
F5,IFPOA-X (no JADE),1,2.879844e+01
F5,IFPOA-X (no JADE),2,2.896513e+01
F5,IFPOA-X (no JADE),3,2.897644e+01
F5,IFPOA-X (no JADE),4,2.895986e+01
F5,IFPOA-X (no JADE),5,2.894052e+01
F5,IFPOA-X (no JADE),6,2.876389e+01
F5,IFPOA-X (no JADE),7,2.895988e+01
F5,IFPOA-X (no JADE),8,2.894233e+01
F5,IFPOA-X (no JADE),9,2.899363e+01
F5,IFPOA-X (no JADE),10,2.893852e+01
F5,IFPOA-X (no JADE),11,2.895723e+01
F5,IFPOA-X (no JADE),12,2.894396e+01
F5,IFPOA-X (no JADE),13,2.885454e+01
F5,IFPOA-X (no JADE),14,2.896398e+01
F5,IFPOA-X (no JADE),15,2.892109e+01
F5,IFPOA-X (no JADE),16,2.897451e+01
F5,IFPOA-X (no JADE),17,2.897371e+01
F5,IFPOA-X (no JADE),18,2.895428e+01
F5,IFPOA-X (no JADE),19,2.895508e+01
F5,IFPOA-X (no JADE),20,2.897728e+01
F5,IFPOA-X (no Bandit),1,3.480147e+01
F5,IFPOA-X (no Bandit),2,4.112446e+01
F5,IFPOA-X (no Bandit),3,5.768432e+01
F5,IFPOA-X (no Bandit),4,5.769688e+01
F5,IFPOA-X (no Bandit),5,2.906014e+01
F5,IFPOA-X (no Bandit),6,2.900347e+01
F5,IFPOA-X (no Bandit),7,2.899413e+01
F5,IFPOA-X (no Bandit),8,3.255310e+01
F5,IFPOA-X (no Bandit),9,9.355992e+02
F5,IFPOA-X (no Bandit),10,2.899525e+01
F5,IFPOA-X (no Bandit),11,3.333077e+01
F5,IFPOA-X (no Bandit),12,2.899722e+01
F5,IFPOA-X (no Bandit),13,2.899389e+01
F5,IFPOA-X (no Bandit),14,2.913540e+01
F5,IFPOA-X (no Bandit),15,2.898593e+01
F5,IFPOA-X (no Bandit),16,2.897545e+01
F5,IFPOA-X (no Bandit),17,2.906485e+01
F5,IFPOA-X (no Bandit),18,4.203363e+01
F5,IFPOA-X (no Bandit),19,2.899081e+01
F5,IFPOA-X (no Bandit),20,2.905310e+01
F5,IFPOA-X (base/FPA),1,3.381129e+07
F5,IFPOA-X (base/FPA),2,3.267235e+07
F5,IFPOA-X (base/FPA),3,1.177751e+07
F5,IFPOA-X (base/FPA),4,1.651771e+07
F5,IFPOA-X (base/FPA),5,1.995608e+07
F5,IFPOA-X (base/FPA),6,2.623645e+07
F5,IFPOA-X (base/FPA),7,2.761993e+07
F5,IFPOA-X (base/FPA),8,2.800148e+07
F5,IFPOA-X (base/FPA),9,8.303011e+06
F5,IFPOA-X (base/FPA),10,1.519815e+07
F5,IFPOA-X (base/FPA),11,2.175349e+07
F5,IFPOA-X (base/FPA),12,2.489812e+07
F5,IFPOA-X (base/FPA),13,2.638499e+07
F5,IFPOA-X (base/FPA),14,1.835170e+07
F5,IFPOA-X (base/FPA),15,2.473438e+07
F5,IFPOA-X (base/FPA),16,2.848510e+07
F5,IFPOA-X (base/FPA),17,1.930036e+07
F5,IFPOA-X (base/FPA),18,3.871185e+07
F5,IFPOA-X (base/FPA),19,1.970890e+07
F5,IFPOA-X (base/FPA),20,2.547164e+07
F6,IFPOA-X (no OBL),1,1.644300e+04
F6,IFPOA-X (no OBL),2,1.621700e+04
F6,IFPOA-X (no OBL),3,2.110900e+04
F6,IFPOA-X (no OBL),4,2.279800e+04
F6,IFPOA-X (no OBL),5,1.955100e+04
F6,IFPOA-X (no OBL),6,2.011300e+04
F6,IFPOA-X (no OBL),7,1.207200e+04
F6,IFPOA-X (no OBL),8,1.667000e+04
F6,IFPOA-X (no OBL),9,1.600500e+04
F6,IFPOA-X (no OBL),10,2.411300e+04
F6,IFPOA-X (no OBL),11,1.888500e+04
F6,IFPOA-X (no OBL),12,1.551500e+04
F6,IFPOA-X (no OBL),13,1.922500e+04
F6,IFPOA-X (no OBL),14,1.261300e+04
F6,IFPOA-X (no OBL),15,2.034000e+04
F6,IFPOA-X (no OBL),16,1.593000e+04
F6,IFPOA-X (no OBL),17,1.900500e+04
F6,IFPOA-X (no OBL),18,1.804700e+04
F6,IFPOA-X (no OBL),19,2.135400e+04
F6,IFPOA-X (no OBL),20,1.883800e+04
F6,IFPOA-X (no JADE),1,0.000000e+00
F6,IFPOA-X (no JADE),2,0.000000e+00
F6,IFPOA-X (no JADE),3,0.000000e+00
F6,IFPOA-X (no JADE),4,0.000000e+00
F6,IFPOA-X (no JADE),5,0.000000e+00
F6,IFPOA-X (no JADE),6,0.000000e+00
F6,IFPOA-X (no JADE),7,0.000000e+00
F6,IFPOA-X (no JADE),8,0.000000e+00
F6,IFPOA-X (no JADE),9,0.000000e+00
F6,IFPOA-X (no JADE),10,0.000000e+00
F6,IFPOA-X (no JADE),11,0.000000e+00
F6,IFPOA-X (no JADE),12,0.000000e+00
F6,IFPOA-X (no JADE),13,0.000000e+00
F6,IFPOA-X (no JADE),14,0.000000e+00
F6,IFPOA-X (no JADE),15,0.000000e+00
F6,IFPOA-X (no JADE),16,0.000000e+00
F6,IFPOA-X (no JADE),17,0.000000e+00
F6,IFPOA-X (no JADE),18,0.000000e+00
F6,IFPOA-X (no JADE),19,0.000000e+00
F6,IFPOA-X (no JADE),20,0.000000e+00
F6,IFPOA-X (no Bandit),1,1.200000e+01
F6,IFPOA-X (no Bandit),2,0.000000e+00
F6,IFPOA-X (no Bandit),3,7.000000e+00
F6,IFPOA-X (no Bandit),4,0.000000e+00
F6,IFPOA-X (no Bandit),5,3.000000e+00
F6,IFPOA-X (no Bandit),6,2.000000e+00
F6,IFPOA-X (no Bandit),7,7.000000e+00
F6,IFPOA-X (no Bandit),8,5.000000e+00
F6,IFPOA-X (no Bandit),9,2.000000e+00
F6,IFPOA-X (no Bandit),10,6.000000e+00
F6,IFPOA-X (no Bandit),11,3.000000e+00
F6,IFPOA-X (no Bandit),12,2.000000e+00
F6,IFPOA-X (no Bandit),13,1.000000e+00
F6,IFPOA-X (no Bandit),14,3.000000e+00
F6,IFPOA-X (no Bandit),15,4.100000e+01
F6,IFPOA-X (no Bandit),16,6.000000e+00
F6,IFPOA-X (no Bandit),17,2.000000e+00
F6,IFPOA-X (no Bandit),18,6.000000e+00
F6,IFPOA-X (no Bandit),19,1.000000e+00
F6,IFPOA-X (no Bandit),20,0.000000e+00
F6,IFPOA-X (base/FPA),1,2.910600e+04
F6,IFPOA-X (base/FPA),2,1.859600e+04
F6,IFPOA-X (base/FPA),3,1.581100e+04
F6,IFPOA-X (base/FPA),4,2.038500e+04
F6,IFPOA-X (base/FPA),5,1.939300e+04
F6,IFPOA-X (base/FPA),6,2.332800e+04
F6,IFPOA-X (base/FPA),7,1.959500e+04
F6,IFPOA-X (base/FPA),8,2.211700e+04
F6,IFPOA-X (base/FPA),9,2.472600e+04
F6,IFPOA-X (base/FPA),10,2.011400e+04
F6,IFPOA-X (base/FPA),11,1.771300e+04
F6,IFPOA-X (base/FPA),12,2.151700e+04
F6,IFPOA-X (base/FPA),13,1.829600e+04
F6,IFPOA-X (base/FPA),14,2.668900e+04
F6,IFPOA-X (base/FPA),15,1.920100e+04
F6,IFPOA-X (base/FPA),16,1.762800e+04
F6,IFPOA-X (base/FPA),17,1.886400e+04
F6,IFPOA-X (base/FPA),18,1.940100e+04
F6,IFPOA-X (base/FPA),19,1.940300e+04
F6,IFPOA-X (base/FPA),20,2.296200e+04
F7,IFPOA-X (no OBL),1,1.310982e+01
F7,IFPOA-X (no OBL),2,4.872914e+00
F7,IFPOA-X (no OBL),3,1.364045e+01
F7,IFPOA-X (no OBL),4,1.724449e+01
F7,IFPOA-X (no OBL),5,1.135367e+01
F7,IFPOA-X (no OBL),6,1.128657e+01
F7,IFPOA-X (no OBL),7,1.490645e+01
F7,IFPOA-X (no OBL),8,1.835163e+01
F7,IFPOA-X (no OBL),9,8.676988e+00
F7,IFPOA-X (no OBL),10,1.271339e+01
F7,IFPOA-X (no OBL),11,9.539747e+00
F7,IFPOA-X (no OBL),12,1.142445e+01
F7,IFPOA-X (no OBL),13,1.400697e+01
F7,IFPOA-X (no OBL),14,1.415387e+01
F7,IFPOA-X (no OBL),15,5.137018e+00
F7,IFPOA-X (no OBL),16,1.506498e+01
F7,IFPOA-X (no OBL),17,5.535016e+00
F7,IFPOA-X (no OBL),18,2.612780e+01
F7,IFPOA-X (no OBL),19,1.370352e+01
F7,IFPOA-X (no OBL),20,1.331245e+01
F7,IFPOA-X (no JADE),1,1.651269e-02
F7,IFPOA-X (no JADE),2,7.779848e-02
F7,IFPOA-X (no JADE),3,1.807993e-02
F7,IFPOA-X (no JADE),4,1.993502e-02
F7,IFPOA-X (no JADE),5,7.865965e-02
F7,IFPOA-X (no JADE),6,1.462918e-02
F7,IFPOA-X (no JADE),7,2.005732e-02
F7,IFPOA-X (no JADE),8,2.729171e-02
F7,IFPOA-X (no JADE),9,1.170892e-02
F7,IFPOA-X (no JADE),10,5.168998e-02
F7,IFPOA-X (no JADE),11,7.848951e-03
F7,IFPOA-X (no JADE),12,1.969471e-02
F7,IFPOA-X (no JADE),13,2.397198e-02
F7,IFPOA-X (no JADE),14,6.628798e-03
F7,IFPOA-X (no JADE),15,2.401618e-02
F7,IFPOA-X (no JADE),16,7.297286e-03
F7,IFPOA-X (no JADE),17,3.701239e-02
F7,IFPOA-X (no JADE),18,1.390208e-02
F7,IFPOA-X (no JADE),19,1.676809e-02
F7,IFPOA-X (no JADE),20,5.179254e-02
F7,IFPOA-X (no Bandit),1,1.197131e-01
F7,IFPOA-X (no Bandit),2,1.284683e-01
F7,IFPOA-X (no Bandit),3,1.545413e-03
F7,IFPOA-X (no Bandit),4,2.664913e-02
F7,IFPOA-X (no Bandit),5,4.589507e-02
F7,IFPOA-X (no Bandit),6,6.804825e-02
F7,IFPOA-X (no Bandit),7,7.939036e-02
F7,IFPOA-X (no Bandit),8,6.822678e-02
F7,IFPOA-X (no Bandit),9,2.284432e-01
F7,IFPOA-X (no Bandit),10,2.679053e-02
F7,IFPOA-X (no Bandit),11,3.707241e-02
F7,IFPOA-X (no Bandit),12,3.984584e-02
F7,IFPOA-X (no Bandit),13,3.804393e-02
F7,IFPOA-X (no Bandit),14,3.389102e-02
F7,IFPOA-X (no Bandit),15,2.296189e-02
F7,IFPOA-X (no Bandit),16,2.587373e-02
F7,IFPOA-X (no Bandit),17,3.143758e-02
F7,IFPOA-X (no Bandit),18,1.708442e-02
F7,IFPOA-X (no Bandit),19,1.505126e-02
F7,IFPOA-X (no Bandit),20,6.070351e-02
F7,IFPOA-X (base/FPA),1,1.754797e+01
F7,IFPOA-X (base/FPA),2,9.654135e+00
F7,IFPOA-X (base/FPA),3,7.432310e+00
F7,IFPOA-X (base/FPA),4,3.012367e+01
F7,IFPOA-X (base/FPA),5,7.257737e+00
F7,IFPOA-X (base/FPA),6,1.235159e+01
F7,IFPOA-X (base/FPA),7,2.395298e+01
F7,IFPOA-X (base/FPA),8,2.031764e+01
F7,IFPOA-X (base/FPA),9,1.109950e+01
F7,IFPOA-X (base/FPA),10,1.142000e+01
F7,IFPOA-X (base/FPA),11,1.024819e+01
F7,IFPOA-X (base/FPA),12,1.927304e+01
F7,IFPOA-X (base/FPA),13,6.263874e+00
F7,IFPOA-X (base/FPA),14,2.994647e+01
F7,IFPOA-X (base/FPA),15,8.956825e+00
F7,IFPOA-X (base/FPA),16,1.754725e+01
F7,IFPOA-X (base/FPA),17,1.067534e+01
F7,IFPOA-X (base/FPA),18,1.315680e+01
F7,IFPOA-X (base/FPA),19,1.369698e+01
F7,IFPOA-X (base/FPA),20,7.061652e+00
F8,IFPOA-X (no OBL),1,9.067477e+03
F8,IFPOA-X (no OBL),2,9.047572e+03
F8,IFPOA-X (no OBL),3,8.708959e+03
F8,IFPOA-X (no OBL),4,9.008563e+03
F8,IFPOA-X (no OBL),5,8.813378e+03
F8,IFPOA-X (no OBL),6,8.622995e+03
F8,IFPOA-X (no OBL),7,8.939489e+03
F8,IFPOA-X (no OBL),8,8.717993e+03
F8,IFPOA-X (no OBL),9,8.478600e+03
F8,IFPOA-X (no OBL),10,7.826880e+03
F8,IFPOA-X (no OBL),11,8.697424e+03
F8,IFPOA-X (no OBL),12,9.033109e+03
F8,IFPOA-X (no OBL),13,8.419040e+03
F8,IFPOA-X (no OBL),14,8.532711e+03
F8,IFPOA-X (no OBL),15,8.327872e+03
F8,IFPOA-X (no OBL),16,8.588068e+03
F8,IFPOA-X (no OBL),17,8.946032e+03
F8,IFPOA-X (no OBL),18,7.586882e+03
F8,IFPOA-X (no OBL),19,9.047813e+03
F8,IFPOA-X (no OBL),20,9.022483e+03
F8,IFPOA-X (no JADE),1,8.296674e+03
F8,IFPOA-X (no JADE),2,8.669745e+03
F8,IFPOA-X (no JADE),3,8.910820e+03
F8,IFPOA-X (no JADE),4,8.738150e+03
F8,IFPOA-X (no JADE),5,8.781230e+03
F8,IFPOA-X (no JADE),6,8.820208e+03
F8,IFPOA-X (no JADE),7,8.823578e+03
F8,IFPOA-X (no JADE),8,9.089487e+03
F8,IFPOA-X (no JADE),9,9.148800e+03
F8,IFPOA-X (no JADE),10,8.593495e+03
F8,IFPOA-X (no JADE),11,9.001720e+03
F8,IFPOA-X (no JADE),12,9.356949e+03
F8,IFPOA-X (no JADE),13,8.618065e+03
F8,IFPOA-X (no JADE),14,8.866414e+03
F8,IFPOA-X (no JADE),15,8.413357e+03
F8,IFPOA-X (no JADE),16,8.839571e+03
F8,IFPOA-X (no JADE),17,9.182201e+03
F8,IFPOA-X (no JADE),18,8.894651e+03
F8,IFPOA-X (no JADE),19,9.186591e+03
F8,IFPOA-X (no JADE),20,9.325099e+03
F8,IFPOA-X (no Bandit),1,8.560382e+03
F8,IFPOA-X (no Bandit),2,8.456899e+03
F8,IFPOA-X (no Bandit),3,8.570727e+03
F8,IFPOA-X (no Bandit),4,8.717368e+03
F8,IFPOA-X (no Bandit),5,8.972278e+03
F8,IFPOA-X (no Bandit),6,8.609501e+03
F8,IFPOA-X (no Bandit),7,8.110225e+03
F8,IFPOA-X (no Bandit),8,7.572491e+03
F8,IFPOA-X (no Bandit),9,8.741330e+03
F8,IFPOA-X (no Bandit),10,8.824121e+03
F8,IFPOA-X (no Bandit),11,8.471074e+03
F8,IFPOA-X (no Bandit),12,8.418042e+03
F8,IFPOA-X (no Bandit),13,8.114867e+03
F8,IFPOA-X (no Bandit),14,8.744244e+03
F8,IFPOA-X (no Bandit),15,8.572651e+03
F8,IFPOA-X (no Bandit),16,8.862163e+03
F8,IFPOA-X (no Bandit),17,8.970152e+03
F8,IFPOA-X (no Bandit),18,8.543954e+03
F8,IFPOA-X (no Bandit),19,9.307932e+03
F8,IFPOA-X (no Bandit),20,9.085620e+03
F8,IFPOA-X (base/FPA),1,7.990612e+03
F8,IFPOA-X (base/FPA),2,8.580459e+03
F8,IFPOA-X (base/FPA),3,8.516900e+03
F8,IFPOA-X (base/FPA),4,8.569172e+03
F8,IFPOA-X (base/FPA),5,9.510622e+03
F8,IFPOA-X (base/FPA),6,8.885431e+03
F8,IFPOA-X (base/FPA),7,7.836639e+03
F8,IFPOA-X (base/FPA),8,7.947752e+03
F8,IFPOA-X (base/FPA),9,8.758735e+03
F8,IFPOA-X (base/FPA),10,8.921434e+03
F8,IFPOA-X (base/FPA),11,8.366316e+03
F8,IFPOA-X (base/FPA),12,9.040707e+03
F8,IFPOA-X (base/FPA),13,8.971735e+03
F8,IFPOA-X (base/FPA),14,8.262083e+03
F8,IFPOA-X (base/FPA),15,8.701918e+03
F8,IFPOA-X (base/FPA),16,9.318571e+03
F8,IFPOA-X (base/FPA),17,8.667011e+03
F8,IFPOA-X (base/FPA),18,8.861661e+03
F8,IFPOA-X (base/FPA),19,9.008697e+03
F8,IFPOA-X (base/FPA),20,9.103955e+03
F9,IFPOA-X (no OBL),1,2.771834e+02
F9,IFPOA-X (no OBL),2,2.981053e+02
F9,IFPOA-X (no OBL),3,3.323262e+02
F9,IFPOA-X (no OBL),4,2.949308e+02
F9,IFPOA-X (no OBL),5,2.869058e+02
F9,IFPOA-X (no OBL),6,3.023009e+02
F9,IFPOA-X (no OBL),7,3.323469e+02
F9,IFPOA-X (no OBL),8,3.218653e+02
F9,IFPOA-X (no OBL),9,3.085464e+02
F9,IFPOA-X (no OBL),10,2.741677e+02
F9,IFPOA-X (no OBL),11,2.661651e+02
F9,IFPOA-X (no OBL),12,2.567328e+02
F9,IFPOA-X (no OBL),13,2.947460e+02
F9,IFPOA-X (no OBL),14,2.698682e+02
F9,IFPOA-X (no OBL),15,3.016892e+02
F9,IFPOA-X (no OBL),16,3.050086e+02
F9,IFPOA-X (no OBL),17,2.426288e+02
F9,IFPOA-X (no OBL),18,3.270095e+02
F9,IFPOA-X (no OBL),19,3.143560e+02
F9,IFPOA-X (no OBL),20,2.788384e+02
F9,IFPOA-X (no JADE),1,5.971429e-08
F9,IFPOA-X (no JADE),2,4.894465e-08
F9,IFPOA-X (no JADE),3,2.193186e-06
F9,IFPOA-X (no JADE),4,5.243628e-11
F9,IFPOA-X (no JADE),5,1.027853e-10
F9,IFPOA-X (no JADE),6,4.808823e-07
F9,IFPOA-X (no JADE),7,7.175833e-06
F9,IFPOA-X (no JADE),8,1.209315e-08
F9,IFPOA-X (no JADE),9,2.384127e-09
F9,IFPOA-X (no JADE),10,1.516142e-09
F9,IFPOA-X (no JADE),11,1.439413e-08
F9,IFPOA-X (no JADE),12,5.108802e-12
F9,IFPOA-X (no JADE),13,4.570180e-06
F9,IFPOA-X (no JADE),14,3.897132e-10
F9,IFPOA-X (no JADE),15,1.704208e-09
F9,IFPOA-X (no JADE),16,3.876957e-08
F9,IFPOA-X (no JADE),17,9.965362e-13
F9,IFPOA-X (no JADE),18,5.359631e-08
F9,IFPOA-X (no JADE),19,1.550379e-09
F9,IFPOA-X (no JADE),20,9.432100e-11
F9,IFPOA-X (no Bandit),1,2.663878e+00
F9,IFPOA-X (no Bandit),2,1.963770e-06
F9,IFPOA-X (no Bandit),3,4.695880e-02
F9,IFPOA-X (no Bandit),4,7.014690e-02
F9,IFPOA-X (no Bandit),5,1.116861e+00
F9,IFPOA-X (no Bandit),6,2.976061e-03
F9,IFPOA-X (no Bandit),7,1.973281e-04
F9,IFPOA-X (no Bandit),8,9.622629e-04
F9,IFPOA-X (no Bandit),9,6.978859e-03
F9,IFPOA-X (no Bandit),10,1.001631e+00
F9,IFPOA-X (no Bandit),11,2.011736e-01
F9,IFPOA-X (no Bandit),12,5.566491e-04
F9,IFPOA-X (no Bandit),13,2.048723e-02
F9,IFPOA-X (no Bandit),14,2.236927e-03
F9,IFPOA-X (no Bandit),15,2.702502e-02
F9,IFPOA-X (no Bandit),16,4.778186e-03
F9,IFPOA-X (no Bandit),17,2.344724e-03
F9,IFPOA-X (no Bandit),18,4.635280e-02
F9,IFPOA-X (no Bandit),19,2.519017e-02
F9,IFPOA-X (no Bandit),20,1.699489e-07
F9,IFPOA-X (base/FPA),1,3.179699e+02
F9,IFPOA-X (base/FPA),2,2.641140e+02
F9,IFPOA-X (base/FPA),3,3.102532e+02
F9,IFPOA-X (base/FPA),4,2.642161e+02
F9,IFPOA-X (base/FPA),5,3.160685e+02
F9,IFPOA-X (base/FPA),6,3.067630e+02
F9,IFPOA-X (base/FPA),7,3.122039e+02
F9,IFPOA-X (base/FPA),8,3.244963e+02
F9,IFPOA-X (base/FPA),9,3.076095e+02
F9,IFPOA-X (base/FPA),10,3.195025e+02
F9,IFPOA-X (base/FPA),11,3.023827e+02
F9,IFPOA-X (base/FPA),12,2.699171e+02
F9,IFPOA-X (base/FPA),13,3.024415e+02
F9,IFPOA-X (base/FPA),14,3.348409e+02
F9,IFPOA-X (base/FPA),15,3.379023e+02
F9,IFPOA-X (base/FPA),16,3.142759e+02
F9,IFPOA-X (base/FPA),17,3.028764e+02
F9,IFPOA-X (base/FPA),18,2.570631e+02
F9,IFPOA-X (base/FPA),19,3.137061e+02
F9,IFPOA-X (base/FPA),20,3.251108e+02
F10,IFPOA-X (no OBL),1,1.859464e+01
F10,IFPOA-X (no OBL),2,1.892423e+01
F10,IFPOA-X (no OBL),3,1.903155e+01
F10,IFPOA-X (no OBL),4,1.875399e+01
F10,IFPOA-X (no OBL),5,1.968662e+01
F10,IFPOA-X (no OBL),6,1.930116e+01
F10,IFPOA-X (no OBL),7,1.675987e+01
F10,IFPOA-X (no OBL),8,1.887744e+01
F10,IFPOA-X (no OBL),9,1.906555e+01
F10,IFPOA-X (no OBL),10,1.892430e+01
F10,IFPOA-X (no OBL),11,1.871131e+01
F10,IFPOA-X (no OBL),12,1.706018e+01
F10,IFPOA-X (no OBL),13,1.864102e+01
F10,IFPOA-X (no OBL),14,1.748377e+01
F10,IFPOA-X (no OBL),15,1.775587e+01
F10,IFPOA-X (no OBL),16,2.028334e+01
F10,IFPOA-X (no OBL),17,1.762185e+01
F10,IFPOA-X (no OBL),18,1.966790e+01
F10,IFPOA-X (no OBL),19,1.889189e+01
F10,IFPOA-X (no OBL),20,1.709716e+01
F10,IFPOA-X (no JADE),1,4.494662e-06
F10,IFPOA-X (no JADE),2,7.945475e-06
F10,IFPOA-X (no JADE),3,9.436557e-07
F10,IFPOA-X (no JADE),4,1.213610e-05
F10,IFPOA-X (no JADE),5,4.461239e-07
F10,IFPOA-X (no JADE),6,4.991157e-05
F10,IFPOA-X (no JADE),7,2.692973e-05
F10,IFPOA-X (no JADE),8,1.226204e-05
F10,IFPOA-X (no JADE),9,1.721289e-03
F10,IFPOA-X (no JADE),10,2.195270e-04
F10,IFPOA-X (no JADE),11,6.030302e-04
F10,IFPOA-X (no JADE),12,2.002544e-06
F10,IFPOA-X (no JADE),13,1.996622e-06
F10,IFPOA-X (no JADE),14,3.536406e-05
F10,IFPOA-X (no JADE),15,2.893320e-04
F10,IFPOA-X (no JADE),16,1.962426e-04
F10,IFPOA-X (no JADE),17,2.606015e-05
F10,IFPOA-X (no JADE),18,4.669310e-05
F10,IFPOA-X (no JADE),19,6.935818e-05
F10,IFPOA-X (no JADE),20,3.681006e-03
F10,IFPOA-X (no Bandit),1,6.283217e-01
F10,IFPOA-X (no Bandit),2,1.758092e+00
F10,IFPOA-X (no Bandit),3,7.899182e-01
F10,IFPOA-X (no Bandit),4,3.268149e-01
F10,IFPOA-X (no Bandit),5,6.214805e-01
F10,IFPOA-X (no Bandit),6,3.959397e-02
F10,IFPOA-X (no Bandit),7,2.876769e-01
F10,IFPOA-X (no Bandit),8,1.581708e+00
F10,IFPOA-X (no Bandit),9,2.684478e+00
F10,IFPOA-X (no Bandit),10,3.971844e-01
F10,IFPOA-X (no Bandit),11,5.046211e-01
F10,IFPOA-X (no Bandit),12,2.805736e-01
F10,IFPOA-X (no Bandit),13,9.472397e-03
F10,IFPOA-X (no Bandit),14,7.619970e-02
F10,IFPOA-X (no Bandit),15,5.473257e-02
F10,IFPOA-X (no Bandit),16,2.025706e+00
F10,IFPOA-X (no Bandit),17,2.146201e+00
F10,IFPOA-X (no Bandit),18,3.618972e-01
F10,IFPOA-X (no Bandit),19,8.406206e-02
F10,IFPOA-X (no Bandit),20,3.324085e-02
F10,IFPOA-X (base/FPA),1,1.935054e+01
F10,IFPOA-X (base/FPA),2,1.904628e+01
F10,IFPOA-X (base/FPA),3,1.875930e+01
F10,IFPOA-X (base/FPA),4,1.929801e+01
F10,IFPOA-X (base/FPA),5,1.956752e+01
F10,IFPOA-X (base/FPA),6,1.989666e+01
F10,IFPOA-X (base/FPA),7,1.926182e+01
F10,IFPOA-X (base/FPA),8,1.877410e+01
F10,IFPOA-X (base/FPA),9,1.883454e+01
F10,IFPOA-X (base/FPA),10,1.923531e+01
F10,IFPOA-X (base/FPA),11,1.925683e+01
F10,IFPOA-X (base/FPA),12,1.964195e+01
F10,IFPOA-X (base/FPA),13,2.053467e+01
F10,IFPOA-X (base/FPA),14,1.994218e+01
F10,IFPOA-X (base/FPA),15,1.896659e+01
F10,IFPOA-X (base/FPA),16,2.019709e+01
F10,IFPOA-X (base/FPA),17,1.851032e+01
F10,IFPOA-X (base/FPA),18,2.005504e+01
F10,IFPOA-X (base/FPA),19,1.985246e+01
F10,IFPOA-X (base/FPA),20,1.855656e+01
F11,IFPOA-X (no OBL),1,2.189823e+02
F11,IFPOA-X (no OBL),2,1.660787e+02
F11,IFPOA-X (no OBL),3,1.380418e+02
F11,IFPOA-X (no OBL),4,1.769166e+02
F11,IFPOA-X (no OBL),5,1.172201e+02
F11,IFPOA-X (no OBL),6,1.357910e+02
F11,IFPOA-X (no OBL),7,1.762772e+02
F11,IFPOA-X (no OBL),8,1.832804e+02
F11,IFPOA-X (no OBL),9,1.524314e+02
F11,IFPOA-X (no OBL),10,1.423961e+02
F11,IFPOA-X (no OBL),11,1.993594e+02
F11,IFPOA-X (no OBL),12,2.663546e+02
F11,IFPOA-X (no OBL),13,2.131214e+02
F11,IFPOA-X (no OBL),14,1.369878e+02
F11,IFPOA-X (no OBL),15,1.394105e+02
F11,IFPOA-X (no OBL),16,1.687918e+02
F11,IFPOA-X (no OBL),17,1.117499e+02
F11,IFPOA-X (no OBL),18,1.298111e+02
F11,IFPOA-X (no OBL),19,2.149003e+02
F11,IFPOA-X (no OBL),20,2.169805e+02
F11,IFPOA-X (no JADE),1,5.003888e-06
F11,IFPOA-X (no JADE),2,3.328202e-08
F11,IFPOA-X (no JADE),3,4.139916e-08
F11,IFPOA-X (no JADE),4,1.984946e-05
F11,IFPOA-X (no JADE),5,4.513546e-07
F11,IFPOA-X (no JADE),6,8.695843e-09
F11,IFPOA-X (no JADE),7,1.450329e-11
F11,IFPOA-X (no JADE),8,7.811513e-06
F11,IFPOA-X (no JADE),9,2.412564e-06
F11,IFPOA-X (no JADE),10,1.475903e-10
F11,IFPOA-X (no JADE),11,1.813212e-04
F11,IFPOA-X (no JADE),12,2.766605e-10
F11,IFPOA-X (no JADE),13,3.988800e-10
F11,IFPOA-X (no JADE),14,5.754930e-09
F11,IFPOA-X (no JADE),15,1.187896e-06
F11,IFPOA-X (no JADE),16,4.727732e-08
F11,IFPOA-X (no JADE),17,2.330008e-08
F11,IFPOA-X (no JADE),18,4.495619e-09
F11,IFPOA-X (no JADE),19,6.541968e-07
F11,IFPOA-X (no JADE),20,4.284018e-02
F11,IFPOA-X (no Bandit),1,3.660503e-02
F11,IFPOA-X (no Bandit),2,3.425415e+00
F11,IFPOA-X (no Bandit),3,8.517777e-01
F11,IFPOA-X (no Bandit),4,1.132268e+00
F11,IFPOA-X (no Bandit),5,1.037647e+00
F11,IFPOA-X (no Bandit),6,1.027899e+00
F11,IFPOA-X (no Bandit),7,3.986054e-01
F11,IFPOA-X (no Bandit),8,1.089407e+00
F11,IFPOA-X (no Bandit),9,7.278392e-02
F11,IFPOA-X (no Bandit),10,1.018245e+00
F11,IFPOA-X (no Bandit),11,1.030951e+00
F11,IFPOA-X (no Bandit),12,7.602803e-01
F11,IFPOA-X (no Bandit),13,4.922237e-01
F11,IFPOA-X (no Bandit),14,1.067083e+00
F11,IFPOA-X (no Bandit),15,1.082871e+00
F11,IFPOA-X (no Bandit),16,2.290741e+00
F11,IFPOA-X (no Bandit),17,1.047399e+00
F11,IFPOA-X (no Bandit),18,7.471018e-01
F11,IFPOA-X (no Bandit),19,9.964792e-01
F11,IFPOA-X (no Bandit),20,9.400835e-01
F11,IFPOA-X (base/FPA),1,2.070854e+02
F11,IFPOA-X (base/FPA),2,2.050121e+02
F11,IFPOA-X (base/FPA),3,2.050923e+02
F11,IFPOA-X (base/FPA),4,1.439092e+02
F11,IFPOA-X (base/FPA),5,1.482136e+02
F11,IFPOA-X (base/FPA),6,2.245657e+02
F11,IFPOA-X (base/FPA),7,2.002619e+02
F11,IFPOA-X (base/FPA),8,2.208316e+02
F11,IFPOA-X (base/FPA),9,1.783272e+02
F11,IFPOA-X (base/FPA),10,2.102031e+02
F11,IFPOA-X (base/FPA),11,2.284958e+02
F11,IFPOA-X (base/FPA),12,1.133666e+02
F11,IFPOA-X (base/FPA),13,2.324636e+02
F11,IFPOA-X (base/FPA),14,2.074767e+02
F11,IFPOA-X (base/FPA),15,1.452993e+02
F11,IFPOA-X (base/FPA),16,2.040526e+02
F11,IFPOA-X (base/FPA),17,2.211781e+02
F11,IFPOA-X (base/FPA),18,1.647025e+02
F11,IFPOA-X (base/FPA),19,1.684809e+02
F11,IFPOA-X (base/FPA),20,1.905293e+02
F12,IFPOA-X (no OBL),1,1.455446e+07
F12,IFPOA-X (no OBL),2,2.273636e+07
F12,IFPOA-X (no OBL),3,3.585918e+07
F12,IFPOA-X (no OBL),4,2.724152e+07
F12,IFPOA-X (no OBL),5,1.629658e+07
F12,IFPOA-X (no OBL),6,1.177871e+07
F12,IFPOA-X (no OBL),7,1.236416e+07
F12,IFPOA-X (no OBL),8,1.417240e+07
F12,IFPOA-X (no OBL),9,2.502404e+07
F12,IFPOA-X (no OBL),10,7.809830e+07
F12,IFPOA-X (no OBL),11,2.282340e+07
F12,IFPOA-X (no OBL),12,2.049738e+07
F12,IFPOA-X (no OBL),13,1.467838e+07
F12,IFPOA-X (no OBL),14,1.526585e+07
F12,IFPOA-X (no OBL),15,2.835109e+07
F12,IFPOA-X (no OBL),16,7.699313e+07
F12,IFPOA-X (no OBL),17,2.885236e+07
F12,IFPOA-X (no OBL),18,1.593780e+07
F12,IFPOA-X (no OBL),19,2.196878e+07
F12,IFPOA-X (no OBL),20,1.810068e+07
F12,IFPOA-X (no JADE),1,7.100199e-01
F12,IFPOA-X (no JADE),2,1.418321e+00
F12,IFPOA-X (no JADE),3,1.199930e+00
F12,IFPOA-X (no JADE),4,7.862556e-01
F12,IFPOA-X (no JADE),5,7.197113e-01
F12,IFPOA-X (no JADE),6,6.912228e-01
F12,IFPOA-X (no JADE),7,7.294444e-01
F12,IFPOA-X (no JADE),8,1.153879e+00
F12,IFPOA-X (no JADE),9,9.463933e-01
F12,IFPOA-X (no JADE),10,1.375932e+00
F12,IFPOA-X (no JADE),11,1.254345e+00
F12,IFPOA-X (no JADE),12,7.931135e-01
F12,IFPOA-X (no JADE),13,7.819148e-01
F12,IFPOA-X (no JADE),14,1.321496e+00
F12,IFPOA-X (no JADE),15,1.319909e+00
F12,IFPOA-X (no JADE),16,8.930925e-01
F12,IFPOA-X (no JADE),17,1.099925e+00
F12,IFPOA-X (no JADE),18,7.504486e-01
F12,IFPOA-X (no JADE),19,1.296140e+00
F12,IFPOA-X (no JADE),20,1.343800e+00
F12,IFPOA-X (no Bandit),1,1.350678e+00
F12,IFPOA-X (no Bandit),2,1.606724e+00
F12,IFPOA-X (no Bandit),3,1.487755e+00
F12,IFPOA-X (no Bandit),4,1.034309e+00
F12,IFPOA-X (no Bandit),5,1.976628e+00
F12,IFPOA-X (no Bandit),6,1.551974e+00
F12,IFPOA-X (no Bandit),7,1.631956e+00
F12,IFPOA-X (no Bandit),8,1.723353e+00
F12,IFPOA-X (no Bandit),9,1.943912e+00
F12,IFPOA-X (no Bandit),10,9.330404e-01
F12,IFPOA-X (no Bandit),11,2.286973e+00
F12,IFPOA-X (no Bandit),12,2.435129e+00
F12,IFPOA-X (no Bandit),13,1.279183e+00
F12,IFPOA-X (no Bandit),14,1.409298e+00
F12,IFPOA-X (no Bandit),15,1.182297e+00
F12,IFPOA-X (no Bandit),16,2.741204e+00
F12,IFPOA-X (no Bandit),17,1.236160e+00
F12,IFPOA-X (no Bandit),18,1.455030e+00
F12,IFPOA-X (no Bandit),19,2.075748e+00
F12,IFPOA-X (no Bandit),20,1.111466e+00
F12,IFPOA-X (base/FPA),1,4.428183e+07
F12,IFPOA-X (base/FPA),2,3.394377e+07
F12,IFPOA-X (base/FPA),3,8.407527e+06
F12,IFPOA-X (base/FPA),4,8.133096e+06
F12,IFPOA-X (base/FPA),5,7.488579e+06
F12,IFPOA-X (base/FPA),6,8.677186e+06
F12,IFPOA-X (base/FPA),7,2.814730e+07
F12,IFPOA-X (base/FPA),8,2.566819e+07
F12,IFPOA-X (base/FPA),9,8.180488e+07
F12,IFPOA-X (base/FPA),10,5.730088e+07
F12,IFPOA-X (base/FPA),11,2.706172e+07
F12,IFPOA-X (base/FPA),12,2.396392e+07
F12,IFPOA-X (base/FPA),13,4.335865e+07
F12,IFPOA-X (base/FPA),14,4.681688e+07
F12,IFPOA-X (base/FPA),15,1.659552e+07
F12,IFPOA-X (base/FPA),16,4.342239e+07
F12,IFPOA-X (base/FPA),17,1.117477e+07
F12,IFPOA-X (base/FPA),18,3.579213e+07
F12,IFPOA-X (base/FPA),19,1.054127e+07
F12,IFPOA-X (base/FPA),20,1.167412e+08
F13,IFPOA-X (no OBL),1,1.890250e+08
F13,IFPOA-X (no OBL),2,9.944976e+07
F13,IFPOA-X (no OBL),3,8.558423e+07
F13,IFPOA-X (no OBL),4,8.360408e+07
F13,IFPOA-X (no OBL),5,1.535956e+08
F13,IFPOA-X (no OBL),6,4.880958e+07
F13,IFPOA-X (no OBL),7,7.500245e+07
F13,IFPOA-X (no OBL),8,1.418363e+08
F13,IFPOA-X (no OBL),9,1.548870e+08
F13,IFPOA-X (no OBL),10,9.171451e+07
F13,IFPOA-X (no OBL),11,1.008301e+08
F13,IFPOA-X (no OBL),12,3.088059e+07
F13,IFPOA-X (no OBL),13,1.094908e+08
F13,IFPOA-X (no OBL),14,3.183363e+07
F13,IFPOA-X (no OBL),15,1.073296e+07
F13,IFPOA-X (no OBL),16,1.393507e+08
F13,IFPOA-X (no OBL),17,4.129473e+07
F13,IFPOA-X (no OBL),18,4.479921e+07
F13,IFPOA-X (no OBL),19,9.935974e+07
F13,IFPOA-X (no OBL),20,9.044376e+07
F13,IFPOA-X (no JADE),1,2.845505e+00
F13,IFPOA-X (no JADE),2,2.997243e+00
F13,IFPOA-X (no JADE),3,2.856233e+00
F13,IFPOA-X (no JADE),4,2.911937e+00
F13,IFPOA-X (no JADE),5,2.846069e+00
F13,IFPOA-X (no JADE),6,2.901027e+00
F13,IFPOA-X (no JADE),7,2.997134e+00
F13,IFPOA-X (no JADE),8,2.903649e+00
F13,IFPOA-X (no JADE),9,2.910992e+00
F13,IFPOA-X (no JADE),10,2.933461e+00
F13,IFPOA-X (no JADE),11,2.997128e+00
F13,IFPOA-X (no JADE),12,2.996511e+00
F13,IFPOA-X (no JADE),13,2.996293e+00
F13,IFPOA-X (no JADE),14,2.940340e+00
F13,IFPOA-X (no JADE),15,2.905790e+00
F13,IFPOA-X (no JADE),16,2.737749e+00
F13,IFPOA-X (no JADE),17,2.900888e+00
F13,IFPOA-X (no JADE),18,2.593708e+00
F13,IFPOA-X (no JADE),19,3.023948e+00
F13,IFPOA-X (no JADE),20,2.996135e+00
F13,IFPOA-X (no Bandit),1,3.734458e+00
F13,IFPOA-X (no Bandit),2,5.274049e+00
F13,IFPOA-X (no Bandit),3,4.355411e+00
F13,IFPOA-X (no Bandit),4,6.825414e+00
F13,IFPOA-X (no Bandit),5,3.070927e+00
F13,IFPOA-X (no Bandit),6,4.997146e+00
F13,IFPOA-X (no Bandit),7,2.998506e+00
F13,IFPOA-X (no Bandit),8,3.186825e+00
F13,IFPOA-X (no Bandit),9,4.216354e+00
F13,IFPOA-X (no Bandit),10,3.305121e+00
F13,IFPOA-X (no Bandit),11,3.384744e+00
F13,IFPOA-X (no Bandit),12,5.281003e+00
F13,IFPOA-X (no Bandit),13,3.162183e+00
F13,IFPOA-X (no Bandit),14,3.156098e+00
F13,IFPOA-X (no Bandit),15,2.937675e+00
F13,IFPOA-X (no Bandit),16,3.139341e+00
F13,IFPOA-X (no Bandit),17,3.219735e+00
F13,IFPOA-X (no Bandit),18,3.663120e+00
F13,IFPOA-X (no Bandit),19,3.446104e+00
F13,IFPOA-X (no Bandit),20,3.003588e+00
F13,IFPOA-X (base/FPA),1,1.111055e+08
F13,IFPOA-X (base/FPA),2,1.628429e+08
F13,IFPOA-X (base/FPA),3,4.317999e+07
F13,IFPOA-X (base/FPA),4,1.070598e+08
F13,IFPOA-X (base/FPA),5,2.629975e+07
F13,IFPOA-X (base/FPA),6,1.274513e+08
F13,IFPOA-X (base/FPA),7,7.730768e+07
F13,IFPOA-X (base/FPA),8,5.642558e+07
F13,IFPOA-X (base/FPA),9,9.023951e+07
F13,IFPOA-X (base/FPA),10,5.992159e+07
F13,IFPOA-X (base/FPA),11,3.207348e+07
F13,IFPOA-X (base/FPA),12,6.735229e+07
F13,IFPOA-X (base/FPA),13,1.572865e+08
F13,IFPOA-X (base/FPA),14,1.308156e+08
F13,IFPOA-X (base/FPA),15,2.402557e+08
F13,IFPOA-X (base/FPA),16,4.645726e+07
F13,IFPOA-X (base/FPA),17,4.160748e+07
F13,IFPOA-X (base/FPA),18,8.088133e+07
F13,IFPOA-X (base/FPA),19,1.125488e+08
F13,IFPOA-X (base/FPA),20,5.863528e+07
